{
    "fio version" : "fio-3.28",
    "timestamp" : 1755162607,
    "timestamp_ms" : 1755162607871,
    "time" : "Thu Aug 14 09:10:07 2025",
    "global options" : {
      "ioengine" : "libaio",
      "direct" : "1",
      "runtime" : "60",
      "numjobs" : "16",
      "iodepth" : "16",
      "filename" : "/dev/drbd1001"
    },
    "jobs" : [
      {
        "jobname" : "randread_4k",
        "groupid" : 0,
        "error" : 0,
        "eta" : 0,
        "elapsed" : 61,
        "job options" : {
          "bs" : "4k",
          "rw" : "randread"
        },
        "read" : {
          "io_bytes" : 857460736,
          "io_kbytes" : 837364,
          "bw_bytes" : 14270795,
          "bw" : 13936,
          "iops" : 3484.080885,
          "runtime" : 60085,
          "total_ios" : 209341,
          "short_ios" : 0,
          "drop_ios" : 0,
          "slat_ns" : {
            "min" : 3486,
            "max" : 1650411,
            "mean" : 31087.688738,
            "stddev" : 16799.802366,
            "N" : 209341
          },
          "clat_ns" : {
            "min" : 3040352,
            "max" : 550900987,
            "mean" : 73425588.920618,
            "stddev" : 41345004.474742,
            "N" : 209341,
            "percentile" : {
              "1.000000" : 3588096,
              "5.000000" : 4014080,
              "10.000000" : 4554752,
              "20.000000" : 43253760,
              "30.000000" : 55836672,
              "40.000000" : 65798144,
              "50.000000" : 76021760,
              "60.000000" : 85458944,
              "70.000000" : 95944704,
              "80.000000" : 106430464,
              "90.000000" : 116916224,
              "95.000000" : 127401984,
              "99.000000" : 158334976,
              "99.500000" : 217055232,
              "99.900000" : 354418688,
              "99.950000" : 417333248,
              "99.990000" : 522190848
            }
          },
          "lat_ns" : {
            "min" : 3055721,
            "max" : 550951031,
            "mean" : 73457266.222823,
            "stddev" : 41345463.030564,
            "N" : 209341
          },
          "bw_min" : 10742,
          "bw_max" : 17256,
          "bw_agg" : 100.000000,
          "bw_mean" : 13947.722689,
          "bw_dev" : 106.809733,
          "bw_samples" : 1904,
          "iops_min" : 2685,
          "iops_max" : 4314,
          "iops_mean" : 3486.579832,
          "iops_stddev" : 26.712237,
          "iops_samples" : 1904
        },
        "write" : {
          "io_bytes" : 0,
          "io_kbytes" : 0,
          "bw_bytes" : 0,
          "bw" : 0,
          "iops" : 0.000000,
          "runtime" : 0,
          "total_ios" : 0,
          "short_ios" : 0,
          "drop_ios" : 0,
          "slat_ns" : {
            "min" : 0,
            "max" : 0,
            "mean" : 0.000000,
            "stddev" : 0.000000,
            "N" : 0
          },
          "clat_ns" : {
            "min" : 0,
            "max" : 0,
            "mean" : 0.000000,
            "stddev" : 0.000000,
            "N" : 0
          },
          "lat_ns" : {
            "min" : 0,
            "max" : 0,
            "mean" : 0.000000,
            "stddev" : 0.000000,
            "N" : 0
          },
          "bw_min" : 0,
          "bw_max" : 0,
          "bw_agg" : 0.000000,
          "bw_mean" : 0.000000,
          "bw_dev" : 0.000000,
          "bw_samples" : 0,
          "iops_min" : 0,
          "iops_max" : 0,
          "iops_mean" : 0.000000,
          "iops_stddev" : 0.000000,
          "iops_samples" : 0
        },
        "trim" : {
          "io_bytes" : 0,
          "io_kbytes" : 0,
          "bw_bytes" : 0,
          "bw" : 0,
          "iops" : 0.000000,
          "runtime" : 0,
          "total_ios" : 0,
          "short_ios" : 0,
          "drop_ios" : 0,
          "slat_ns" : {
            "min" : 0,
            "max" : 0,
            "mean" : 0.000000,
            "stddev" : 0.000000,
            "N" : 0
          },
          "clat_ns" : {
            "min" : 0,
            "max" : 0,
            "mean" : 0.000000,
            "stddev" : 0.000000,
            "N" : 0
          },
          "lat_ns" : {
            "min" : 0,
            "max" : 0,
            "mean" : 0.000000,
            "stddev" : 0.000000,
            "N" : 0
          },
          "bw_min" : 0,
          "bw_max" : 0,
          "bw_agg" : 0.000000,
          "bw_mean" : 0.000000,
          "bw_dev" : 0.000000,
          "bw_samples" : 0,
          "iops_min" : 0,
          "iops_max" : 0,
          "iops_mean" : 0.000000,
          "iops_stddev" : 0.000000,
          "iops_samples" : 0
        },
        "sync" : {
          "total_ios" : 0,
          "lat_ns" : {
            "min" : 0,
            "max" : 0,
            "mean" : 0.000000,
            "stddev" : 0.000000,
            "N" : 0
          }
        },
        "job_runtime" : 961266,
        "usr_cpu" : 0.440045,
        "sys_cpu" : 1.033117,
        "ctx" : 201900,
        "majf" : 0,
        "minf" : 445,
        "iodepth_level" : {
          "1" : 0.100000,
          "2" : 0.100000,
          "4" : 0.100000,
          "8" : 0.100000,
          "16" : 99.885355,
          "32" : 0.000000,
          ">=64" : 0.000000
        },
        "iodepth_submit" : {
          "0" : 0.000000,
          "4" : 100.000000,
          "8" : 0.000000,
          "16" : 0.000000,
          "32" : 0.000000,
          "64" : 0.000000,
          ">=64" : 0.000000
        },
        "iodepth_complete" : {
          "0" : 0.000000,
          "4" : 99.992349,
          "8" : 0.000000,
          "16" : 0.100000,
          "32" : 0.000000,
          "64" : 0.000000,
          ">=64" : 0.000000
        },
        "latency_ns" : {
          "2" : 0.000000,
          "4" : 0.000000,
          "10" : 0.000000,
          "20" : 0.000000,
          "50" : 0.000000,
          "100" : 0.000000,
          "250" : 0.000000,
          "500" : 0.000000,
          "750" : 0.000000,
          "1000" : 0.000000
        },
        "latency_us" : {
          "2" : 0.000000,
          "4" : 0.000000,
          "10" : 0.000000,
          "20" : 0.000000,
          "50" : 0.000000,
          "100" : 0.000000,
          "250" : 0.000000,
          "500" : 0.000000,
          "750" : 0.000000,
          "1000" : 0.000000
        },
        "latency_ms" : {
          "2" : 0.000000,
          "4" : 4.905871,
          "10" : 8.682007,
          "20" : 0.165281,
          "50" : 10.491495,
          "100" : 49.633373,
          "250" : 25.769438,
          "500" : 0.338204,
          "750" : 0.014331,
          "1000" : 0.000000,
          "2000" : 0.000000,
          ">=2000" : 0.000000
        },
        "latency_depth" : 16,
        "latency_target" : 0,
        "latency_percentile" : 100.000000,
        "latency_window" : 0
      }
    ],
    "disk_util" : [
      {
        "name" : "drbd1001",
        "read_ios" : 208872,
        "write_ios" : 0,
        "read_merges" : 0,
        "write_merges" : 0,
        "read_ticks" : 15298036,
        "write_ticks" : 0,
        "in_queue" : 15298036,
        "util" : 99.958270
      }
    ]
  }
  