{
    "fio version" : "fio-3.28",
    "timestamp" : 1755162679,
    "timestamp_ms" : 1755162679788,
    "time" : "Thu Aug 14 09:11:19 2025",
    "global options" : {
      "ioengine" : "libaio",
      "direct" : "1",
      "runtime" : "60",
      "numjobs" : "16",
      "iodepth" : "16",
      "filename" : "/dev/drbd1001"
    },
    "jobs" : [
      {
        "jobname" : "randwrite_4k",
        "groupid" : 0,
        "error" : 0,
        "eta" : 0,
        "elapsed" : 61,
        "job options" : {
          "bs" : "4k",
          "rw" : "randwrite"
        },
        "read" : {
          "io_bytes" : 0,
          "io_kbytes" : 0,
          "bw_bytes" : 0,
          "bw" : 0,
          "iops" : 0.000000,
          "runtime" : 0,
          "total_ios" : 0,
          "short_ios" : 0,
          "drop_ios" : 0,
          "slat_ns" : {
            "min" : 0,
            "max" : 0,
            "mean" : 0.000000,
            "stddev" : 0.000000,
            "N" : 0
          },
          "clat_ns" : {
            "min" : 0,
            "max" : 0,
            "mean" : 0.000000,
            "stddev" : 0.000000,
            "N" : 0
          },
          "lat_ns" : {
            "min" : 0,
            "max" : 0,
            "mean" : 0.000000,
            "stddev" : 0.000000,
            "N" : 0
          },
          "bw_min" : 0,
          "bw_max" : 0,
          "bw_agg" : 0.000000,
          "bw_mean" : 0.000000,
          "bw_dev" : 0.000000,
          "bw_samples" : 0,
          "iops_min" : 0,
          "iops_max" : 0,
          "iops_mean" : 0.000000,
          "iops_stddev" : 0.000000,
          "iops_samples" : 0
        },
        "write" : {
          "io_bytes" : 673030144,
          "io_kbytes" : 657256,
          "bw_bytes" : 11199250,
          "bw" : 10936,
          "iops" : 2734.191960,
          "runtime" : 60096,
          "total_ios" : 164314,
          "short_ios" : 0,
          "drop_ios" : 0,
          "slat_ns" : {
            "min" : 3873,
            "max" : 766113,
            "mean" : 32879.856677,
            "stddev" : 16366.395688,
            "N" : 164314
          },
          "clat_ns" : {
            "min" : 7808641,
            "max" : 274239041,
            "mean" : 93570576.549594,
            "stddev" : 29859551.460115,
            "N" : 164314,
            "percentile" : {
              "1.000000" : 35913728,
              "5.000000" : 46399488,
              "10.000000" : 53215232,
              "20.000000" : 64749568,
              "30.000000" : 74973184,
              "40.000000" : 85458944,
              "50.000000" : 94896128,
              "60.000000" : 103284736,
              "70.000000" : 111673344,
              "80.000000" : 121110528,
              "90.000000" : 130547712,
              "95.000000" : 139460608,
              "99.000000" : 158334976,
              "99.500000" : 168820736,
              "99.900000" : 217055232,
              "99.950000" : 238026752,
              "99.990000" : 261095424
            }
          },
          "lat_ns" : {
            "min" : 8001219,
            "max" : 274267325,
            "mean" : 93604124.737089,
            "stddev" : 29859321.476942,
            "N" : 164314
          },
          "bw_min" : 9056,
          "bw_max" : 12581,
          "bw_agg" : 100.000000,
          "bw_mean" : 10945.325630,
          "bw_dev" : 51.506590,
          "bw_samples" : 1913,
          "iops_min" : 2264,
          "iops_max" : 3144,
          "iops_mean" : 2735.950770,
          "iops_stddev" : 12.859341,
          "iops_samples" : 1913
        },
        "trim" : {
          "io_bytes" : 0,
          "io_kbytes" : 0,
          "bw_bytes" : 0,
          "bw" : 0,
          "iops" : 0.000000,
          "runtime" : 0,
          "total_ios" : 0,
          "short_ios" : 0,
          "drop_ios" : 0,
          "slat_ns" : {
            "min" : 0,
            "max" : 0,
            "mean" : 0.000000,
            "stddev" : 0.000000,
            "N" : 0
          },
          "clat_ns" : {
            "min" : 0,
            "max" : 0,
            "mean" : 0.000000,
            "stddev" : 0.000000,
            "N" : 0
          },
          "lat_ns" : {
            "min" : 0,
            "max" : 0,
            "mean" : 0.000000,
            "stddev" : 0.000000,
            "N" : 0
          },
          "bw_min" : 0,
          "bw_max" : 0,
          "bw_agg" : 0.000000,
          "bw_mean" : 0.000000,
          "bw_dev" : 0.000000,
          "bw_samples" : 0,
          "iops_min" : 0,
          "iops_max" : 0,
          "iops_mean" : 0.000000,
          "iops_stddev" : 0.000000,
          "iops_samples" : 0
        },
        "sync" : {
          "total_ios" : 0,
          "lat_ns" : {
            "min" : 0,
            "max" : 0,
            "mean" : 0.000000,
            "stddev" : 0.000000,
            "N" : 0
          }
        },
        "job_runtime" : 961446,
        "usr_cpu" : 0.414376,
        "sys_cpu" : 0.872124,
        "ctx" : 154568,
        "majf" : 0,
        "minf" : 180,
        "iodepth_level" : {
          "1" : 0.100000,
          "2" : 0.100000,
          "4" : 0.100000,
          "8" : 0.100000,
          "16" : 99.853938,
          "32" : 0.000000,
          ">=64" : 0.000000
        },
        "iodepth_submit" : {
          "0" : 0.000000,
          "4" : 100.000000,
          "8" : 0.000000,
          "16" : 0.000000,
          "32" : 0.000000,
          "64" : 0.000000,
          ">=64" : 0.000000
        },
        "iodepth_complete" : {
          "0" : 0.000000,
          "4" : 99.990249,
          "8" : 0.000000,
          "16" : 0.100000,
          "32" : 0.000000,
          "64" : 0.000000,
          ">=64" : 0.000000
        },
        "latency_ns" : {
          "2" : 0.000000,
          "4" : 0.000000,
          "10" : 0.000000,
          "20" : 0.000000,
          "50" : 0.000000,
          "100" : 0.000000,
          "250" : 0.000000,
          "500" : 0.000000,
          "750" : 0.000000,
          "1000" : 0.000000
        },
        "latency_us" : {
          "2" : 0.000000,
          "4" : 0.000000,
          "10" : 0.000000,
          "20" : 0.000000,
          "50" : 0.000000,
          "100" : 0.000000,
          "250" : 0.000000,
          "500" : 0.000000,
          "750" : 0.000000,
          "1000" : 0.000000
        },
        "latency_ms" : {
          "2" : 0.000000,
          "4" : 0.000000,
          "10" : 0.010000,
          "20" : 0.130238,
          "50" : 7.569653,
          "100" : 48.426184,
          "250" : 43.839235,
          "500" : 0.026778,
          "750" : 0.000000,
          "1000" : 0.000000,
          "2000" : 0.000000,
          ">=2000" : 0.000000
        },
        "latency_depth" : 16,
        "latency_target" : 0,
        "latency_percentile" : 100.000000,
        "latency_window" : 0
      }
    ],
    "disk_util" : [
      {
        "name" : "drbd1001",
        "read_ios" : 0,
        "write_ios" : 163995,
        "read_merges" : 0,
        "write_merges" : 0,
        "read_ticks" : 0,
        "write_ticks" : 15298204,
        "in_queue" : 15298204,
        "util" : 99.963273
      }
    ]
  }
  