{
"fio version" : "fio-3.28",
"timestamp" : 1755162998,
"timestamp_ms" : 1755162998489,
"time" : "Thu Aug 14 09:16:38 2025",
"global options" : {
  "ioengine" : "libaio",
  "direct" : "1",
  "runtime" : "60",
  "numjobs" : "16",
  "iodepth" : "16",
  "filename" : "/dev/drbd1001"
},
"jobs" : [
  {
    "jobname" : "seqread_1m",
    "groupid" : 0,
    "error" : 0,
    "eta" : 0,
    "elapsed" : 68,
    "job options" : {
      "bs" : "1m",
      "rw" : "read"
    },
    "read" : {
      "io_bytes" : 2494562304,
      "io_kbytes" : 2436096,
      "bw_bytes" : 37218385,
      "bw" : 36346,
      "iops" : 35.494219,
      "runtime" : 67025,
      "total_ios" : 2379,
      "short_ios" : 0,
      "drop_ios" : 0,
      "slat_ns" : {
        "min" : 47190,
        "max" : 5321995,
        "mean" : 235948.720471,
        "stddev" : 350399.198784,
        "N" : 2379
      },
      "clat_ns" : {
        "min" : 59023263,
        "max" : 13768077214,
        "mean" : 7139731021.217738,
        "stddev" : 1742527778.171952,
        "N" : 2379,
        "percentile" : {
          "1.000000" : 826277888,
          "5.000000" : 3405774848,
          "10.000000" : 6811549696,
          "20.000000" : 7079985152,
          "30.000000" : 7147094016,
          "40.000000" : 7147094016,
          "50.000000" : 7214202880,
          "60.000000" : 7281311744,
          "70.000000" : 7348420608,
          "80.000000" : 7415529472,
          "90.000000" : 7549747200,
          "95.000000" : 10133438464,
          "99.000000" : 12817793024,
          "99.500000" : 13220446208,
          "99.900000" : 13623099392,
          "99.950000" : 13757317120,
          "99.990000" : 13757317120
        }
      },
      "lat_ns" : {
        "min" : 59531010,
        "max" : 13768216970,
        "mean" : 7139968212.990332,
        "stddev" : 1742319437.570892,
        "N" : 2379
      },
      "bw_min" : 32688,
      "bw_max" : 110592,
      "bw_agg" : 100.000000,
      "bw_mean" : 48204.163038,
      "bw_dev" : 1403.401618,
      "bw_samples" : 1489,
      "iops_min" : 16,
      "iops_max" : 108,
      "iops_mean" : 46.416455,
      "iops_stddev" : 1.394880,
      "iops_samples" : 1489
    },
    "write" : {
      "io_bytes" : 0,
      "io_kbytes" : 0,
      "bw_bytes" : 0,
      "bw" : 0,
      "iops" : 0.000000,
      "runtime" : 0,
      "total_ios" : 0,
      "short_ios" : 0,
      "drop_ios" : 0,
      "slat_ns" : {
        "min" : 0,
        "max" : 0,
        "mean" : 0.000000,
        "stddev" : 0.000000,
        "N" : 0
      },
      "clat_ns" : {
        "min" : 0,
        "max" : 0,
        "mean" : 0.000000,
        "stddev" : 0.000000,
        "N" : 0
      },
      "lat_ns" : {
        "min" : 0,
        "max" : 0,
        "mean" : 0.000000,
        "stddev" : 0.000000,
        "N" : 0
      },
      "bw_min" : 0,
      "bw_max" : 0,
      "bw_agg" : 0.000000,
      "bw_mean" : 0.000000,
      "bw_dev" : 0.000000,
      "bw_samples" : 0,
      "iops_min" : 0,
      "iops_max" : 0,
      "iops_mean" : 0.000000,
      "iops_stddev" : 0.000000,
      "iops_samples" : 0
    },
    "trim" : {
      "io_bytes" : 0,
      "io_kbytes" : 0,
      "bw_bytes" : 0,
      "bw" : 0,
      "iops" : 0.000000,
      "runtime" : 0,
      "total_ios" : 0,
      "short_ios" : 0,
      "drop_ios" : 0,
      "slat_ns" : {
        "min" : 0,
        "max" : 0,
        "mean" : 0.000000,
        "stddev" : 0.000000,
        "N" : 0
      },
      "clat_ns" : {
        "min" : 0,
        "max" : 0,
        "mean" : 0.000000,
        "stddev" : 0.000000,
        "N" : 0
      },
      "lat_ns" : {
        "min" : 0,
        "max" : 0,
        "mean" : 0.000000,
        "stddev" : 0.000000,
        "N" : 0
      },
      "bw_min" : 0,
      "bw_max" : 0,
      "bw_agg" : 0.000000,
      "bw_mean" : 0.000000,
      "bw_dev" : 0.000000,
      "bw_samples" : 0,
      "iops_min" : 0,
      "iops_max" : 0,
      "iops_mean" : 0.000000,
      "iops_stddev" : 0.000000,
      "iops_samples" : 0
    },
    "sync" : {
      "total_ios" : 0,
      "lat_ns" : {
        "min" : 0,
        "max" : 0,
        "mean" : 0.000000,
        "stddev" : 0.000000,
        "N" : 0
      }
    },
    "job_runtime" : 1068150,
    "usr_cpu" : 0.006553,
    "sys_cpu" : 0.058980,
    "ctx" : 3062,
    "majf" : 0,
    "minf" : 65729,
    "iodepth_level" : {
      "1" : 0.672551,
      "2" : 1.345103,
      "4" : 2.690206,
      "8" : 5.380412,
      "16" : 89.911728,
      "32" : 0.000000,
      ">=64" : 0.000000
    },
    "iodepth_submit" : {
      "0" : 0.000000,
      "4" : 100.000000,
      "8" : 0.000000,
      "16" : 0.000000,
      "32" : 0.000000,
      "64" : 0.000000,
      ">=64" : 0.000000
    },
    "iodepth_complete" : {
      "0" : 0.000000,
      "4" : 99.257541,
      "8" : 0.000000,
      "16" : 0.742459,
      "32" : 0.000000,
      "64" : 0.000000,
      ">=64" : 0.000000
    },
    "latency_ns" : {
      "2" : 0.000000,
      "4" : 0.000000,
      "10" : 0.000000,
      "20" : 0.000000,
      "50" : 0.000000,
      "100" : 0.000000,
      "250" : 0.000000,
      "500" : 0.000000,
      "750" : 0.000000,
      "1000" : 0.000000
    },
    "latency_us" : {
      "2" : 0.000000,
      "4" : 0.000000,
      "10" : 0.000000,
      "20" : 0.000000,
      "50" : 0.000000,
      "100" : 0.000000,
      "250" : 0.000000,
      "500" : 0.000000,
      "750" : 0.000000,
      "1000" : 0.000000
    },
    "latency_ms" : {
      "2" : 0.000000,
      "4" : 0.000000,
      "10" : 0.000000,
      "20" : 0.000000,
      "50" : 0.000000,
      "100" : 0.042034,
      "250" : 0.168138,
      "500" : 0.294241,
      "750" : 0.378310,
      "1000" : 0.378310,
      "2000" : 1.639344,
      ">=2000" : 97.099622
    },
    "latency_depth" : 16,
    "latency_target" : 0,
    "latency_percentile" : 100.000000,
    "latency_window" : 0
  }
],
"disk_util" : [
  {
    "name" : "drbd1001",
    "read_ios" : 2379,
    "write_ios" : 0,
    "read_merges" : 0,
    "write_merges" : 0,
    "read_ticks" : 16242176,
    "write_ticks" : 0,
    "in_queue" : 16242176,
    "util" : 99.977575
  }
]
}
