{
    "fio version" : "fio-3.28",
    "timestamp" : 1755162793,
    "timestamp_ms" : 1755162793211,
    "time" : "Thu Aug 14 09:13:13 2025",
    "global options" : {
      "ioengine" : "libaio",
      "direct" : "1",
      "runtime" : "60",
      "numjobs" : "16",
      "iodepth" : "16",
      "filename" : "/dev/drbd1001"
    },
    "jobs" : [
      {
        "jobname" : "seqwrite_1m",
        "groupid" : 0,
        "error" : 0,
        "eta" : 0,
        "elapsed" : 68,
        "job options" : {
          "bs" : "1m",
          "rw" : "write"
        },
        "read" : {
          "io_bytes" : 0,
          "io_kbytes" : 0,
          "bw_bytes" : 0,
          "bw" : 0,
          "iops" : 0.000000,
          "runtime" : 0,
          "total_ios" : 0,
          "short_ios" : 0,
          "drop_ios" : 0,
          "slat_ns" : {
            "min" : 0,
            "max" : 0,
            "mean" : 0.000000,
            "stddev" : 0.000000,
            "N" : 0
          },
          "clat_ns" : {
            "min" : 0,
            "max" : 0,
            "mean" : 0.000000,
            "stddev" : 0.000000,
            "N" : 0
          },
          "lat_ns" : {
            "min" : 0,
            "max" : 0,
            "mean" : 0.000000,
            "stddev" : 0.000000,
            "N" : 0
          },
          "bw_min" : 0,
          "bw_max" : 0,
          "bw_agg" : 0.000000,
          "bw_mean" : 0.000000,
          "bw_dev" : 0.000000,
          "bw_samples" : 0,
          "iops_min" : 0,
          "iops_max" : 0,
          "iops_mean" : 0.000000,
          "iops_stddev" : 0.000000,
          "iops_samples" : 0
        },
        "write" : {
          "io_bytes" : 2557476864,
          "io_kbytes" : 2497536,
          "bw_bytes" : 38036182,
          "bw" : 37144,
          "iops" : 36.274131,
          "runtime" : 67238,
          "total_ios" : 2439,
          "short_ios" : 0,
          "drop_ios" : 0,
          "slat_ns" : {
            "min" : 41713,
            "max" : 777709,
            "mean" : 181560.503485,
            "stddev" : 48572.023232,
            "N" : 2439
          },
          "clat_ns" : {
            "min" : 55444251,
            "max" : 52985272776,
            "mean" : 6970526880.537516,
            "stddev" : 6869455182.722505,
            "N" : 2439,
            "percentile" : {
              "1.000000" : 775946240,
              "5.000000" : 1669332992,
              "10.000000" : 2432696320,
              "20.000000" : 3607101440,
              "30.000000" : 4529848320,
              "40.000000" : 5268045824,
              "50.000000" : 5804916736,
              "60.000000" : 6408896512,
              "70.000000" : 6744440832,
              "80.000000" : 7214202880,
              "90.000000" : 10804527104,
              "95.000000" : 15904800768,
              "99.000000" : 17112760320,
              "99.500000" : 17112760320,
              "99.900000" : 17112760320,
              "99.950000" : 17112760320,
              "99.990000" : 17112760320
            }
          },
          "lat_ns" : {
            "min" : 55524415,
            "max" : 52985425417,
            "mean" : 6970709675.464125,
            "stddev" : 6869450363.903509,
            "N" : 2439
          },
          "bw_min" : 32688,
          "bw_max" : 141286,
          "bw_agg" : 100.000000,
          "bw_mean" : 49632.466890,
          "bw_dev" : 1854.408328,
          "bw_samples" : 1369,
          "iops_min" : 16,
          "iops_max" : 136,
          "iops_mean" : 45.387680,
          "iops_stddev" : 1.878051,
          "iops_samples" : 1369
        },
        "trim" : {
          "io_bytes" : 0,
          "io_kbytes" : 0,
          "bw_bytes" : 0,
          "bw" : 0,
          "iops" : 0.000000,
          "runtime" : 0,
          "total_ios" : 0,
          "short_ios" : 0,
          "drop_ios" : 0,
          "slat_ns" : {
            "min" : 0,
            "max" : 0,
            "mean" : 0.000000,
            "stddev" : 0.000000,
            "N" : 0
          },
          "clat_ns" : {
            "min" : 0,
            "max" : 0,
            "mean" : 0.000000,
            "stddev" : 0.000000,
            "N" : 0
          },
          "lat_ns" : {
            "min" : 0,
            "max" : 0,
            "mean" : 0.000000,
            "stddev" : 0.000000,
            "N" : 0
          },
          "bw_min" : 0,
          "bw_max" : 0,
          "bw_agg" : 0.000000,
          "bw_mean" : 0.000000,
          "bw_dev" : 0.000000,
          "bw_samples" : 0,
          "iops_min" : 0,
          "iops_max" : 0,
          "iops_mean" : 0.000000,
          "iops_stddev" : 0.000000,
          "iops_samples" : 0
        },
        "sync" : {
          "total_ios" : 0,
          "lat_ns" : {
            "min" : 0,
            "max" : 0,
            "mean" : 0.000000,
            "stddev" : 0.000000,
            "N" : 0
          }
        },
        "job_runtime" : 1069235,
        "usr_cpu" : 0.032173,
        "sys_cpu" : 0.026935,
        "ctx" : 2474,
        "majf" : 0,
        "minf" : 189,
        "iodepth_level" : {
          "1" : 0.656007,
          "2" : 1.312013,
          "4" : 2.624026,
          "8" : 5.248052,
          "16" : 90.159902,
          "32" : 0.000000,
          ">=64" : 0.000000
        },
        "iodepth_submit" : {
          "0" : 0.000000,
          "4" : 100.000000,
          "8" : 0.000000,
          "16" : 0.000000,
          "32" : 0.000000,
          "64" : 0.000000,
          ">=64" : 0.000000
        },
        "iodepth_complete" : {
          "0" : 0.000000,
          "4" : 99.277652,
          "8" : 0.000000,
          "16" : 0.722348,
          "32" : 0.000000,
          "64" : 0.000000,
          ">=64" : 0.000000
        },
        "latency_ns" : {
          "2" : 0.000000,
          "4" : 0.000000,
          "10" : 0.000000,
          "20" : 0.000000,
          "50" : 0.000000,
          "100" : 0.000000,
          "250" : 0.000000,
          "500" : 0.000000,
          "750" : 0.000000,
          "1000" : 0.000000
        },
        "latency_us" : {
          "2" : 0.000000,
          "4" : 0.000000,
          "10" : 0.000000,
          "20" : 0.000000,
          "50" : 0.000000,
          "100" : 0.000000,
          "250" : 0.000000,
          "500" : 0.000000,
          "750" : 0.000000,
          "1000" : 0.000000
        },
        "latency_ms" : {
          "2" : 0.000000,
          "4" : 0.000000,
          "10" : 0.000000,
          "20" : 0.000000,
          "50" : 0.000000,
          "100" : 0.123001,
          "250" : 0.164002,
          "500" : 0.246002,
          "750" : 0.410004,
          "1000" : 1.230012,
          "2000" : 5.740057,
          ">=2000" : 92.086921
        },
        "latency_depth" : 16,
        "latency_target" : 0,
        "latency_percentile" : 100.000000,
        "latency_window" : 0
      }
    ],
    "disk_util" : [
      {
        "name" : "drbd1001",
        "read_ios" : 0,
        "write_ios" : 2439,
        "read_merges" : 0,
        "write_merges" : 0,
        "read_ticks" : 0,
        "write_ticks" : 16255792,
        "in_queue" : 16255792,
        "util" : 99.961271
      }
    ]
  }