{
  "fio version" : "fio-3.28",
  "timestamp" : 1755163732,
  "timestamp_ms" : 1755163732049,
  "time" : "Thu Aug 14 09:28:52 2025",
  "global options" : {
    "ioengine" : "libaio",
    "direct" : "1",
    "runtime" : "60",
    "numjobs" : "16",
    "iodepth" : "16",
    "filename" : "/dev/sdb"
  },
  "jobs" : [
    {
      "jobname" : "randread_4k",
      "groupid" : 0,
      "error" : 0,
      "eta" : 0,
      "elapsed" : 61,
      "job options" : {
        "bs" : "4k",
        "rw" : "randread"
      },
      "read" : {
        "io_bytes" : 19399139328,
        "io_kbytes" : 18944472,
        "bw_bytes" : 323297435,
        "bw" : 315720,
        "iops" : 78930.037997,
        "runtime" : 60004,
        "total_ios" : 4736118,
        "short_ios" : 0,
        "drop_ios" : 0,
        "slat_ns" : {
          "min" : 2840,
          "max" : 26019135,
          "mean" : 53572.464446,
          "stddev" : 105349.588797,
          "N" : 4736118
        },
        "clat_ns" : {
          "min" : 1489,
          "max" : 33802132,
          "mean" : 3186490.897227,
          "stddev" : 1307125.528739,
          "N" : 4736118,
          "percentile" : {
            "1.000000" : 1056768,
            "5.000000" : 1581056,
            "10.000000" : 1892352,
            "20.000000" : 2244608,
            "30.000000" : 2473984,
            "40.000000" : 2703360,
            "50.000000" : 2965504,
            "60.000000" : 3260416,
            "70.000000" : 3588096,
            "80.000000" : 3981312,
            "90.000000" : 4685824,
            "95.000000" : 5406720,
            "99.000000" : 7700480,
            "99.500000" : 8716288,
            "99.900000" : 11730944,
            "99.950000" : 13565952,
            "99.990000" : 21889024
          }
        },
        "lat_ns" : {
          "min" : 181951,
          "max" : 33824716,
          "mean" : 3240425.408681,
          "stddev" : 1292317.917391,
          "N" : 4736118
        },
        "bw_min" : 265968,
        "bw_max" : 426640,
        "bw_agg" : 100.000000,
        "bw_mean" : 316015.235294,
        "bw_dev" : 1852.646124,
        "bw_samples" : 1904,
        "iops_min" : 66492,
        "iops_max" : 106660,
        "iops_mean" : 79002.537815,
        "iops_stddev" : 463.167679,
        "iops_samples" : 1904
      },
      "write" : {
        "io_bytes" : 0,
        "io_kbytes" : 0,
        "bw_bytes" : 0,
        "bw" : 0,
        "iops" : 0.000000,
        "runtime" : 0,
        "total_ios" : 0,
        "short_ios" : 0,
        "drop_ios" : 0,
        "slat_ns" : {
          "min" : 0,
          "max" : 0,
          "mean" : 0.000000,
          "stddev" : 0.000000,
          "N" : 0
        },
        "clat_ns" : {
          "min" : 0,
          "max" : 0,
          "mean" : 0.000000,
          "stddev" : 0.000000,
          "N" : 0
        },
        "lat_ns" : {
          "min" : 0,
          "max" : 0,
          "mean" : 0.000000,
          "stddev" : 0.000000,
          "N" : 0
        },
        "bw_min" : 0,
        "bw_max" : 0,
        "bw_agg" : 0.000000,
        "bw_mean" : 0.000000,
        "bw_dev" : 0.000000,
        "bw_samples" : 0,
        "iops_min" : 0,
        "iops_max" : 0,
        "iops_mean" : 0.000000,
        "iops_stddev" : 0.000000,
        "iops_samples" : 0
      },
      "trim" : {
        "io_bytes" : 0,
        "io_kbytes" : 0,
        "bw_bytes" : 0,
        "bw" : 0,
        "iops" : 0.000000,
        "runtime" : 0,
        "total_ios" : 0,
        "short_ios" : 0,
        "drop_ios" : 0,
        "slat_ns" : {
          "min" : 0,
          "max" : 0,
          "mean" : 0.000000,
          "stddev" : 0.000000,
          "N" : 0
        },
        "clat_ns" : {
          "min" : 0,
          "max" : 0,
          "mean" : 0.000000,
          "stddev" : 0.000000,
          "N" : 0
        },
        "lat_ns" : {
          "min" : 0,
          "max" : 0,
          "mean" : 0.000000,
          "stddev" : 0.000000,
          "N" : 0
        },
        "bw_min" : 0,
        "bw_max" : 0,
        "bw_agg" : 0.000000,
        "bw_mean" : 0.000000,
        "bw_dev" : 0.000000,
        "bw_samples" : 0,
        "iops_min" : 0,
        "iops_max" : 0,
        "iops_mean" : 0.000000,
        "iops_stddev" : 0.000000,
        "iops_samples" : 0
      },
      "sync" : {
        "total_ios" : 0,
        "lat_ns" : {
          "min" : 0,
          "max" : 0,
          "mean" : 0.000000,
          "stddev" : 0.000000,
          "N" : 0
        }
      },
      "job_runtime" : 960029,
      "usr_cpu" : 3.366252,
      "sys_cpu" : 27.280530,
      "ctx" : 925195,
      "majf" : 0,
      "minf" : 455,
      "iodepth_level" : {
        "1" : 0.100000,
        "2" : 0.100000,
        "4" : 0.100000,
        "8" : 0.100000,
        "16" : 99.994933,
        "32" : 0.000000,
        ">=64" : 0.000000
      },
      "iodepth_submit" : {
        "0" : 0.000000,
        "4" : 100.000000,
        "8" : 0.000000,
        "16" : 0.000000,
        "32" : 0.000000,
        "64" : 0.000000,
        ">=64" : 0.000000
      },
      "iodepth_complete" : {
        "0" : 0.000000,
        "4" : 99.999662,
        "8" : 0.000000,
        "16" : 0.100000,
        "32" : 0.000000,
        "64" : 0.000000,
        ">=64" : 0.000000
      },
      "latency_ns" : {
        "2" : 0.000000,
        "4" : 0.000000,
        "10" : 0.000000,
        "20" : 0.000000,
        "50" : 0.000000,
        "100" : 0.000000,
        "250" : 0.000000,
        "500" : 0.000000,
        "750" : 0.000000,
        "1000" : 0.000000
      },
      "latency_us" : {
        "2" : 0.010000,
        "4" : 0.010000,
        "10" : 0.000000,
        "20" : 0.000000,
        "50" : 0.010000,
        "100" : 0.010000,
        "250" : 0.010000,
        "500" : 0.062414,
        "750" : 0.189184,
        "1000" : 0.553322
      },
      "latency_ms" : {
        "2" : 11.916342,
        "4" : 67.730027,
        "10" : 19.309316,
        "20" : 0.219209,
        "50" : 0.011317,
        "100" : 0.000000,
        "250" : 0.000000,
        "500" : 0.000000,
        "750" : 0.000000,
        "1000" : 0.000000,
        "2000" : 0.000000,
        ">=2000" : 0.000000
      },
      "latency_depth" : 16,
      "latency_target" : 0,
      "latency_percentile" : 100.000000,
      "latency_window" : 0
    }
  ],
  "disk_util" : [
    {
      "name" : "sdb",
      "read_ios" : 4727093,
      "write_ios" : 0,
      "read_merges" : 156,
      "write_merges" : 0,
      "read_ticks" : 13839960,
      "write_ticks" : 0,
      "in_queue" : 13839960,
      "util" : 99.993322
    }
  ]
}