{
  "fio version" : "fio-3.28",
  "timestamp" : 1755164228,
  "timestamp_ms" : 1755164228465,
  "time" : "Thu Aug 14 09:37:08 2025",
  "global options" : {
    "ioengine" : "libaio",
    "direct" : "1",
    "runtime" : "60",
    "numjobs" : "16",
    "iodepth" : "16",
    "filename" : "/dev/sdb"
  },
  "jobs" : [
    {
      "jobname" : "randwrite_4k",
      "groupid" : 0,
      "error" : 0,
      "eta" : 0,
      "elapsed" : 61,
      "job options" : {
        "bs" : "4k",
        "rw" : "randwrite"
      },
      "read" : {
        "io_bytes" : 0,
        "io_kbytes" : 0,
        "bw_bytes" : 0,
        "bw" : 0,
        "iops" : 0.000000,
        "runtime" : 0,
        "total_ios" : 0,
        "short_ios" : 0,
        "drop_ios" : 0,
        "slat_ns" : {
          "min" : 0,
          "max" : 0,
          "mean" : 0.000000,
          "stddev" : 0.000000,
          "N" : 0
        },
        "clat_ns" : {
          "min" : 0,
          "max" : 0,
          "mean" : 0.000000,
          "stddev" : 0.000000,
          "N" : 0
        },
        "lat_ns" : {
          "min" : 0,
          "max" : 0,
          "mean" : 0.000000,
          "stddev" : 0.000000,
          "N" : 0
        },
        "bw_min" : 0,
        "bw_max" : 0,
        "bw_agg" : 0.000000,
        "bw_mean" : 0.000000,
        "bw_dev" : 0.000000,
        "bw_samples" : 0,
        "iops_min" : 0,
        "iops_max" : 0,
        "iops_mean" : 0.000000,
        "iops_stddev" : 0.000000,
        "iops_samples" : 0
      },
      "write" : {
        "io_bytes" : 4120354816,
        "io_kbytes" : 4023784,
        "bw_bytes" : 68648553,
        "bw" : 67039,
        "iops" : 16759.900701,
        "runtime" : 60021,
        "total_ios" : 1005946,
        "short_ios" : 0,
        "drop_ios" : 0,
        "slat_ns" : {
          "min" : 3019,
          "max" : 11174313,
          "mean" : 27090.158685,
          "stddev" : 52439.757065,
          "N" : 1005946
        },
        "clat_ns" : {
          "min" : 90305,
          "max" : 222869665,
          "mean" : 15243251.706181,
          "stddev" : 14948411.110721,
          "N" : 1005946,
          "percentile" : {
            "1.000000" : 905216,
            "5.000000" : 1368064,
            "10.000000" : 1761280,
            "20.000000" : 2039808,
            "30.000000" : 2310144,
            "40.000000" : 3325952,
            "50.000000" : 12255232,
            "60.000000" : 18219008,
            "70.000000" : 22937600,
            "80.000000" : 27656192,
            "90.000000" : 33816576,
            "95.000000" : 40108032,
            "99.000000" : 62652416,
            "99.500000" : 72876032,
            "99.900000" : 101187584,
            "99.950000" : 126353408,
            "99.990000" : 164626432
          }
        },
        "lat_ns" : {
          "min" : 449166,
          "max" : 222877051,
          "mean" : 15270583.752572,
          "stddev" : 14936793.312002,
          "N" : 1005946
        },
        "bw_min" : 28208,
        "bw_max" : 496476,
        "bw_agg" : 100.000000,
        "bw_mean" : 67276.529412,
        "bw_dev" : 6350.509205,
        "bw_samples" : 1904,
        "iops_min" : 7052,
        "iops_max" : 124118,
        "iops_mean" : 16818.899160,
        "iops_stddev" : 1587.608932,
        "iops_samples" : 1904
      },
      "trim" : {
        "io_bytes" : 0,
        "io_kbytes" : 0,
        "bw_bytes" : 0,
        "bw" : 0,
        "iops" : 0.000000,
        "runtime" : 0,
        "total_ios" : 0,
        "short_ios" : 0,
        "drop_ios" : 0,
        "slat_ns" : {
          "min" : 0,
          "max" : 0,
          "mean" : 0.000000,
          "stddev" : 0.000000,
          "N" : 0
        },
        "clat_ns" : {
          "min" : 0,
          "max" : 0,
          "mean" : 0.000000,
          "stddev" : 0.000000,
          "N" : 0
        },
        "lat_ns" : {
          "min" : 0,
          "max" : 0,
          "mean" : 0.000000,
          "stddev" : 0.000000,
          "N" : 0
        },
        "bw_min" : 0,
        "bw_max" : 0,
        "bw_agg" : 0.000000,
        "bw_mean" : 0.000000,
        "bw_dev" : 0.000000,
        "bw_samples" : 0,
        "iops_min" : 0,
        "iops_max" : 0,
        "iops_mean" : 0.000000,
        "iops_stddev" : 0.000000,
        "iops_samples" : 0
      },
      "sync" : {
        "total_ios" : 0,
        "lat_ns" : {
          "min" : 0,
          "max" : 0,
          "mean" : 0.000000,
          "stddev" : 0.000000,
          "N" : 0
        }
      },
      "job_runtime" : 960283,
      "usr_cpu" : 0.677717,
      "sys_cpu" : 3.167400,
      "ctx" : 624242,
      "majf" : 0,
      "minf" : 216,
      "iodepth_level" : {
        "1" : 0.100000,
        "2" : 0.100000,
        "4" : 0.100000,
        "8" : 0.100000,
        "16" : 99.976142,
        "32" : 0.000000,
        ">=64" : 0.000000
      },
      "iodepth_submit" : {
        "0" : 0.000000,
        "4" : 100.000000,
        "8" : 0.000000,
        "16" : 0.000000,
        "32" : 0.000000,
        "64" : 0.000000,
        ">=64" : 0.000000
      },
      "iodepth_complete" : {
        "0" : 0.000000,
        "4" : 99.998409,
        "8" : 0.000000,
        "16" : 0.100000,
        "32" : 0.000000,
        "64" : 0.000000,
        ">=64" : 0.000000
      },
      "latency_ns" : {
        "2" : 0.000000,
        "4" : 0.000000,
        "10" : 0.000000,
        "20" : 0.000000,
        "50" : 0.000000,
        "100" : 0.000000,
        "250" : 0.000000,
        "500" : 0.000000,
        "750" : 0.000000,
        "1000" : 0.000000
      },
      "latency_us" : {
        "2" : 0.000000,
        "4" : 0.000000,
        "10" : 0.000000,
        "20" : 0.000000,
        "50" : 0.000000,
        "100" : 0.010000,
        "250" : 0.010000,
        "500" : 0.010000,
        "750" : 0.353200,
        "1000" : 1.321840
      },
      "latency_ms" : {
        "2" : 16.730620,
        "4" : 23.697495,
        "10" : 5.037746,
        "20" : 16.541146,
        "50" : 34.352341,
        "100" : 1.856959,
        "250" : 0.103485,
        "500" : 0.000000,
        "750" : 0.000000,
        "1000" : 0.000000,
        "2000" : 0.000000,
        ">=2000" : 0.000000
      },
      "latency_depth" : 16,
      "latency_target" : 0,
      "latency_percentile" : 100.000000,
      "latency_window" : 0
    }
  ],
  "disk_util" : [
    {
      "name" : "sdb",
      "read_ios" : 159,
      "write_ios" : 1005430,
      "read_merges" : 0,
      "write_merges" : 44,
      "read_ticks" : 44,
      "write_ticks" : 15230539,
      "in_queue" : 15230583,
      "util" : 100.000000
    }
  ]
}