{
  "fio version" : "fio-3.28",
  "timestamp" : 1755164003,
  "timestamp_ms" : 1755164003622,
  "time" : "Thu Aug 14 09:33:23 2025",
  "global options" : {
    "ioengine" : "libaio",
    "direct" : "1",
    "runtime" : "60",
    "numjobs" : "16",
    "iodepth" : "16",
    "filename" : "/dev/sdb"
  },
  "jobs" : [
    {
      "jobname" : "seqwrite_1m",
      "groupid" : 0,
      "error" : 0,
      "eta" : 0,
      "elapsed" : 61,
      "job options" : {
        "bs" : "1m",
        "rw" : "write"
      },
      "read" : {
        "io_bytes" : 0,
        "io_kbytes" : 0,
        "bw_bytes" : 0,
        "bw" : 0,
        "iops" : 0.000000,
        "runtime" : 0,
        "total_ios" : 0,
        "short_ios" : 0,
        "drop_ios" : 0,
        "slat_ns" : {
          "min" : 0,
          "max" : 0,
          "mean" : 0.000000,
          "stddev" : 0.000000,
          "N" : 0
        },
        "clat_ns" : {
          "min" : 0,
          "max" : 0,
          "mean" : 0.000000,
          "stddev" : 0.000000,
          "N" : 0
        },
        "lat_ns" : {
          "min" : 0,
          "max" : 0,
          "mean" : 0.000000,
          "stddev" : 0.000000,
          "N" : 0
        },
        "bw_min" : 0,
        "bw_max" : 0,
        "bw_agg" : 0.000000,
        "bw_mean" : 0.000000,
        "bw_dev" : 0.000000,
        "bw_samples" : 0,
        "iops_min" : 0,
        "iops_max" : 0,
        "iops_mean" : 0.000000,
        "iops_stddev" : 0.000000,
        "iops_samples" : 0
      },
      "write" : {
        "io_bytes" : 69002592256,
        "io_kbytes" : 67385344,
        "bw_bytes" : 1145746654,
        "bw" : 1118893,
        "iops" : 1092.669157,
        "runtime" : 60225,
        "total_ios" : 65806,
        "short_ios" : 0,
        "drop_ios" : 0,
        "slat_ns" : {
          "min" : 39450,
          "max" : 39137777,
          "mean" : 708780.396347,
          "stddev" : 2351523.382343,
          "N" : 65806
        },
        "clat_ns" : {
          "min" : 3430983,
          "max" : 759364355,
          "mean" : 233364354.649272,
          "stddev" : 45136818.749309,
          "N" : 65806,
          "percentile" : {
            "1.000000" : 137363456,
            "5.000000" : 156237824,
            "10.000000" : 166723584,
            "20.000000" : 200278016,
            "30.000000" : 219152384,
            "40.000000" : 227540992,
            "50.000000" : 235929600,
            "60.000000" : 244318208,
            "70.000000" : 252706816,
            "80.000000" : 265289728,
            "90.000000" : 287309824,
            "95.000000" : 299892736,
            "99.000000" : 333447168,
            "99.500000" : 350224384,
            "99.900000" : 455081984,
            "99.950000" : 501219328,
            "99.990000" : 734003200
          }
        },
        "lat_ns" : {
          "min" : 3601646,
          "max" : 759485970,
          "mean" : 234074013.599824,
          "stddev" : 45040982.435312,
          "N" : 65806
        },
        "bw_min" : 788480,
        "bw_max" : 1540506,
        "bw_agg" : 99.990686,
        "bw_mean" : 1118790.000000,
        "bw_dev" : 7658.148828,
        "bw_samples" : 1920,
        "iops_min" : 770,
        "iops_max" : 1504,
        "iops_mean" : 1091.775000,
        "iops_stddev" : 7.471899,
        "iops_samples" : 1920
      },
      "trim" : {
        "io_bytes" : 0,
        "io_kbytes" : 0,
        "bw_bytes" : 0,
        "bw" : 0,
        "iops" : 0.000000,
        "runtime" : 0,
        "total_ios" : 0,
        "short_ios" : 0,
        "drop_ios" : 0,
        "slat_ns" : {
          "min" : 0,
          "max" : 0,
          "mean" : 0.000000,
          "stddev" : 0.000000,
          "N" : 0
        },
        "clat_ns" : {
          "min" : 0,
          "max" : 0,
          "mean" : 0.000000,
          "stddev" : 0.000000,
          "N" : 0
        },
        "lat_ns" : {
          "min" : 0,
          "max" : 0,
          "mean" : 0.000000,
          "stddev" : 0.000000,
          "N" : 0
        },
        "bw_min" : 0,
        "bw_max" : 0,
        "bw_agg" : 0.000000,
        "bw_mean" : 0.000000,
        "bw_dev" : 0.000000,
        "bw_samples" : 0,
        "iops_min" : 0,
        "iops_max" : 0,
        "iops_mean" : 0.000000,
        "iops_stddev" : 0.000000,
        "iops_samples" : 0
      },
      "sync" : {
        "total_ios" : 0,
        "lat_ns" : {
          "min" : 0,
          "max" : 0,
          "mean" : 0.000000,
          "stddev" : 0.000000,
          "N" : 0
        }
      },
      "job_runtime" : 962898,
      "usr_cpu" : 0.833318,
      "sys_cpu" : 0.440337,
      "ctx" : 64974,
      "majf" : 0,
      "minf" : 227,
      "iodepth_level" : {
        "1" : 0.100000,
        "2" : 0.100000,
        "4" : 0.100000,
        "8" : 0.194511,
        "16" : 99.635292,
        "32" : 0.000000,
        ">=64" : 0.000000
      },
      "iodepth_submit" : {
        "0" : 0.000000,
        "4" : 100.000000,
        "8" : 0.000000,
        "16" : 0.000000,
        "32" : 0.000000,
        "64" : 0.000000,
        ">=64" : 0.000000
      },
      "iodepth_complete" : {
        "0" : 0.000000,
        "4" : 99.975603,
        "8" : 0.000000,
        "16" : 0.100000,
        "32" : 0.000000,
        "64" : 0.000000,
        ">=64" : 0.000000
      },
      "latency_ns" : {
        "2" : 0.000000,
        "4" : 0.000000,
        "10" : 0.000000,
        "20" : 0.000000,
        "50" : 0.000000,
        "100" : 0.000000,
        "250" : 0.000000,
        "500" : 0.000000,
        "750" : 0.000000,
        "1000" : 0.000000
      },
      "latency_us" : {
        "2" : 0.000000,
        "4" : 0.000000,
        "10" : 0.000000,
        "20" : 0.000000,
        "50" : 0.000000,
        "100" : 0.000000,
        "250" : 0.000000,
        "500" : 0.000000,
        "750" : 0.000000,
        "1000" : 0.000000
      },
      "latency_ms" : {
        "2" : 0.000000,
        "4" : 0.010000,
        "10" : 0.010000,
        "20" : 0.010637,
        "50" : 0.054706,
        "100" : 0.326718,
        "250" : 66.331338,
        "500" : 33.221895,
        "750" : 0.045589,
        "1000" : 0.010000,
        "2000" : 0.000000,
        ">=2000" : 0.000000
      },
      "latency_depth" : 16,
      "latency_target" : 0,
      "latency_percentile" : 100.000000,
      "latency_window" : 0
    }
  ],
  "disk_util" : [
    {
      "name" : "sdb",
      "read_ios" : 24,
      "write_ios" : 65942,
      "read_merges" : 0,
      "write_merges" : 1770,
      "read_ticks" : 5,
      "write_ticks" : 15307954,
      "in_queue" : 15307959,
      "util" : 99.961771
    }
  ]
}
