{
  "fio version" : "fio-3.28",
  "timestamp" : 1755164132,
  "timestamp_ms" : 1755164132685,
  "time" : "Thu Aug 14 09:35:32 2025",
  "global options" : {
    "ioengine" : "libaio",
    "direct" : "1",
    "runtime" : "60",
    "numjobs" : "16",
    "iodepth" : "16",
    "filename" : "/dev/sdb"
  },
  "jobs" : [
    {
      "jobname" : "seqread_1m",
      "groupid" : 0,
      "error" : 0,
      "eta" : 0,
      "elapsed" : 61,
      "job options" : {
        "bs" : "1m",
        "rw" : "read"
      },
      "read" : {
        "io_bytes" : 530610913280,
        "io_kbytes" : 518174720,
        "bw_bytes" : 8840568365,
        "bw" : 8633367,
        "iops" : 8431.022992,
        "runtime" : 60020,
        "total_ios" : 506030,
        "short_ios" : 0,
        "drop_ios" : 0,
        "slat_ns" : {
          "min" : 18923,
          "max" : 36271046,
          "mean" : 124077.461174,
          "stddev" : 493339.729253,
          "N" : 506030
        },
        "clat_ns" : {
          "min" : 361657,
          "max" : 569121249,
          "mean" : 30225669.520046,
          "stddev" : 28735243.553523,
          "N" : 506030,
          "percentile" : {
            "1.000000" : 9633792,
            "5.000000" : 12386304,
            "10.000000" : 14876672,
            "20.000000" : 17956864,
            "30.000000" : 20054016,
            "40.000000" : 21889024,
            "50.000000" : 23724032,
            "60.000000" : 26345472,
            "70.000000" : 32636928,
            "80.000000" : 43778048,
            "90.000000" : 51118080,
            "95.000000" : 56885248,
            "99.000000" : 72876032,
            "99.500000" : 83361792,
            "99.900000" : 526385152,
            "99.950000" : 534773760,
            "99.990000" : 549453824
          }
        },
        "lat_ns" : {
          "min" : 3743262,
          "max" : 569163061,
          "mean" : 30350364.650347,
          "stddev" : 28719660.110735,
          "N" : 506030
        },
        "bw_min" : 3706636,
        "bw_max" : 14289424,
        "bw_agg" : 99.785581,
        "bw_mean" : 8614856.932773,
        "bw_dev" : 230985.779208,
        "bw_samples" : 1904,
        "iops_min" : 3618,
        "iops_max" : 13952,
        "iops_mean" : 8410.109244,
        "iops_stddev" : 225.451362,
        "iops_samples" : 1904
      },
      "write" : {
        "io_bytes" : 0,
        "io_kbytes" : 0,
        "bw_bytes" : 0,
        "bw" : 0,
        "iops" : 0.000000,
        "runtime" : 0,
        "total_ios" : 0,
        "short_ios" : 0,
        "drop_ios" : 0,
        "slat_ns" : {
          "min" : 0,
          "max" : 0,
          "mean" : 0.000000,
          "stddev" : 0.000000,
          "N" : 0
        },
        "clat_ns" : {
          "min" : 0,
          "max" : 0,
          "mean" : 0.000000,
          "stddev" : 0.000000,
          "N" : 0
        },
        "lat_ns" : {
          "min" : 0,
          "max" : 0,
          "mean" : 0.000000,
          "stddev" : 0.000000,
          "N" : 0
        },
        "bw_min" : 0,
        "bw_max" : 0,
        "bw_agg" : 0.000000,
        "bw_mean" : 0.000000,
        "bw_dev" : 0.000000,
        "bw_samples" : 0,
        "iops_min" : 0,
        "iops_max" : 0,
        "iops_mean" : 0.000000,
        "iops_stddev" : 0.000000,
        "iops_samples" : 0
      },
      "trim" : {
        "io_bytes" : 0,
        "io_kbytes" : 0,
        "bw_bytes" : 0,
        "bw" : 0,
        "iops" : 0.000000,
        "runtime" : 0,
        "total_ios" : 0,
        "short_ios" : 0,
        "drop_ios" : 0,
        "slat_ns" : {
          "min" : 0,
          "max" : 0,
          "mean" : 0.000000,
          "stddev" : 0.000000,
          "N" : 0
        },
        "clat_ns" : {
          "min" : 0,
          "max" : 0,
          "mean" : 0.000000,
          "stddev" : 0.000000,
          "N" : 0
        },
        "lat_ns" : {
          "min" : 0,
          "max" : 0,
          "mean" : 0.000000,
          "stddev" : 0.000000,
          "N" : 0
        },
        "bw_min" : 0,
        "bw_max" : 0,
        "bw_agg" : 0.000000,
        "bw_mean" : 0.000000,
        "bw_dev" : 0.000000,
        "bw_samples" : 0,
        "iops_min" : 0,
        "iops_max" : 0,
        "iops_mean" : 0.000000,
        "iops_stddev" : 0.000000,
        "iops_samples" : 0
      },
      "sync" : {
        "total_ios" : 0,
        "lat_ns" : {
          "min" : 0,
          "max" : 0,
          "mean" : 0.000000,
          "stddev" : 0.000000,
          "N" : 0
        }
      },
      "job_runtime" : 960222,
      "usr_cpu" : 0.710773,
      "sys_cpu" : 5.910925,
      "ctx" : 196651,
      "majf" : 0,
      "minf" : 65727,
      "iodepth_level" : {
        "1" : 0.100000,
        "2" : 0.100000,
        "4" : 0.100000,
        "8" : 0.100000,
        "16" : 99.952572,
        "32" : 0.000000,
        ">=64" : 0.000000
      },
      "iodepth_submit" : {
        "0" : 0.000000,
        "4" : 100.000000,
        "8" : 0.000000,
        "16" : 0.000000,
        "32" : 0.000000,
        "64" : 0.000000,
        ">=64" : 0.000000
      },
      "iodepth_complete" : {
        "0" : 0.000000,
        "4" : 99.996837,
        "8" : 0.000000,
        "16" : 0.100000,
        "32" : 0.000000,
        "64" : 0.000000,
        ">=64" : 0.000000
      },
      "latency_ns" : {
        "2" : 0.000000,
        "4" : 0.000000,
        "10" : 0.000000,
        "20" : 0.000000,
        "50" : 0.000000,
        "100" : 0.000000,
        "250" : 0.000000,
        "500" : 0.000000,
        "750" : 0.000000,
        "1000" : 0.000000
      },
      "latency_us" : {
        "2" : 0.000000,
        "4" : 0.000000,
        "10" : 0.000000,
        "20" : 0.000000,
        "50" : 0.000000,
        "100" : 0.000000,
        "250" : 0.000000,
        "500" : 0.010000,
        "750" : 0.010000,
        "1000" : 0.000000
      },
      "latency_ms" : {
        "2" : 0.010000,
        "4" : 0.010000,
        "10" : 1.263561,
        "20" : 28.308005,
        "50" : 59.078118,
        "100" : 11.055866,
        "250" : 0.021343,
        "500" : 0.019762,
        "750" : 0.239314,
        "1000" : 0.000000,
        "2000" : 0.000000,
        ">=2000" : 0.000000
      },
      "latency_depth" : 16,
      "latency_target" : 0,
      "latency_percentile" : 100.000000,
      "latency_window" : 0
    }
  ],
  "disk_util" : [
    {
      "name" : "sdb",
      "read_ios" : 503356,
      "write_ios" : 0,
      "read_merges" : 5598,
      "write_merges" : 0,
      "read_ticks" : 14836824,
      "write_ticks" : 0,
      "in_queue" : 14836824,
      "util" : 99.933101
    }
  ]
}